FUSION;14995;;Latitude;00° 00' 00.00 N;Longitude;00° 00' 00.00 E;;2023/08/05
Time;LAeq;LAeqsT;LAexPT;Leq 1/3;6.3 Hz;8 Hz;10 Hz;12.5 Hz;16 Hz;20 Hz;25 Hz;31.5 Hz;40 Hz;50 Hz;63 Hz;80 Hz;100 Hz;125 Hz;160 Hz;200 Hz;250 Hz;315 Hz;400 Hz;500 Hz;630 Hz;800 Hz;1 kHz;1.25 kHz;1.6 kHz;2 kHz;2.5 kHz;3.15 kHz;4 kHz;5 kHz;6.3 kHz;8 kHz;10 kHz;12.5 kHz;16 kHz;20 kHz;Latitude;Longitude;Satellites;Validity
00:01:04;41.4;;49.6;;45.2;35.1;35.9;40.6;45.6;43.7;35.9;51.4;51.0;44.4;42.0;39.9;43.3;34.1;33.8;32.8;31.3;31.0;32.8;40.0;34.7;30.1;34.8;26.8;26.5;23.9;20.2;16.6;13.4;9.6;7.7;6.1;5.6;6.5;9.4;9.5;00° 00' 00.00 N;00° 00' 00.00 E;0;0
00:01:05;41.8;;49.6;;36.1;23.8;39.6;39.6;45.5;43.0;33.9;51.1;50.4;42.8;42.6;39.4;42.5;34.1;33.6;31.3;31.1;32.6;33.8;41.1;34.5;30.1;34.1;27.0;26.3;23.5;20.5;17.2;14.9;10.6;10.1;8.1;6.8;6.8;8.4;9.4;00° 00' 00.00 N;00° 00' 00.00 E;0;0
00:01:06;42.5;;49.6;;28.8;29.5;42.3;40.9;44.7;42.0;36.2;51.8;50.2;43.7;44.2;39.7;44.5;34.7;33.6;32.6;31.7;32.3;33.3;42.6;34.6;30.1;34.7;27.3;25.7;23.4;19.6;16.9;15.8;9.8;8.6;6.9;6.5;6.6;9.0;9.6;00° 00' 00.00 N;00° 00' 00.00 E;0;0
00:01:07;41.5;;49.6;;32.3;29.2;36.4;43.4;46.0;44.3;36.6;52.3;50.9;43.9;43.3;40.1;42.8;32.7;34.3;32.4;32.0;31.5;33.5;41.1;34.5;29.7;32.8;27.0;26.1;23.0;20.2;16.3;14.1;9.4;7.8;6.6;6.3;6.7;8.5;9.4;00° 00' 00.00 N;00° 00' 00.00 E;0;0
00:01:08;41.7;;49.6;;31.6;34.8;38.1;40.7;44.8;44.6;36.5;52.5;50.5;45.9;44.0;39.7;44.3;33.0;34.5;30.7;31.9;32.2;33.9;41.4;35.4;29.9;31.9;27.0;26.2;23.3;19.9;16.8;13.1;9.5;8.0;6.8;6.1;6.5;8.4;9.5;00° 00' 00.00 N;00° 00' 00.00 E;0;0
00:01:09;42.7;;49.6;;26.9;32.5;40.3;42.2;44.8;42.5;36.4;51.7;49.6;43.9;42.3;40.9;42.2;33.9;34.0;33.4;32.5;33.2;33.8;42.9;35.0;30.0;33.8;27.5;26.0;23.5;19.9;16.3;14.1;9.4;7.9;6.0;5.8;6.3;8.4;9.4;00° 00' 00.00 N;00° 00' 00.00 E;0;0
00:01:10;42.7;;49.6;;35.0;35.0;37.3;45.3;44.9;44.8;36.9;52.7;50.6;46.1;43.6;40.1;41.1;33.6;33.2;31.4;31.6;32.2;33.9;43.5;34.3;29.8;32.0;28.4;26.4;23.6;20.1;16.2;15.1;9.6;8.4;6.1;5.5;6.5;9.2;9.4;00° 00' 00.00 N;00° 00' 00.00 E;0;0
00:01:11;41.8;;49.6;;42.6;42.5;40.1;40.8;44.5;45.7;36.2;51.1;51.1;47.4;42.8;40.4;42.3;33.2;34.4;32.6;30.9;31.2;33.5;41.6;34.5;30.1;32.8;27.2;26.6;23.7;20.2;16.2;13.1;9.2;7.6;6.1;5.8;6.5;8.5;9.3;00° 00' 00.00 N;00° 00' 00.00 E;0;0
00:01:12;41.2;;49.6;;37.8;32.7;34.0;41.7;44.3;44.7;35.9;52.0;50.6;47.3;41.4;39.6;42.1;33.1;33.7;32.2;30.2;33.1;33.3;40.4;33.9;29.9;32.0;27.5;27.3;23.7;20.3;17.3;14.3;9.9;9.0;7.4;7.2;7.1;9.1;9.5;00° 00' 00.00 N;00° 00' 00.00 E;0;0
00:01:13;41.5;;49.6;;32.4;29.3;37.9;38.9;43.1;41.3;35.8;52.8;50.7;46.9;42.0;39.1;42.7;34.6;34.7;31.9;32.4;31.3;33.1;40.8;34.4;30.0;32.8;27.4;26.5;24.0;20.1;16.6;14.3;10.0;9.5;7.8;7.1;7.3;8.5;9.4;00° 00' 00.00 N;00° 00' 00.00 E;0;0
00:01:14;42.1;;49.6;;30.7;39.0;37.3;37.9;45.4;44.0;36.0;53.0;50.3;47.1;44.5;40.1;44.3;33.1;32.6;33.0;31.4;32.2;33.4;41.8;34.2;29.9;34.5;27.5;27.8;23.9;20.4;16.5;13.4;9.9;8.4;7.1;6.8;7.1;8.7;9.4;00° 00' 00.00 N;00° 00' 00.00 E;0;0
00:01:15;41.3;;49.6;;30.3;36.5;35.3;39.8;44.6;41.5;37.6;51.5;49.9;46.3;43.9;41.0;41.9;32.8;35.1;32.5;32.7;32.5;33.9;39.8;34.4;29.8;33.0;28.3;27.2;23.8;20.6;16.7;14.3;10.3;9.8;7.6;6.6;7.0;8.5;9.4;00° 00' 00.00 N;00° 00' 00.00 E;0;0
00:01:16;41.9;;49.6;;34.1;37.6;36.4;39.0;44.7;44.3;35.7;50.7;50.8;46.6;41.2;40.9;41.5;32.6;32.3;32.4;31.2;33.0;33.3;41.4;34.9;30.3;33.2;27.8;27.5;24.4;20.8;16.8;15.1;9.9;8.0;6.6;6.3;7.4;9.0;9.4;00° 00' 00.00 N;00° 00' 00.00 E;0;0
00:01:17;41.9;;49.6;;33.2;35.6;32.2;41.0;46.9;43.2;35.8;52.2;52.0;46.1;43.2;39.5;43.5;34.3;33.4;30.6;30.5;32.9;33.8;40.6;34.9;29.8;35.0;28.5;27.2;24.7;21.0;16.8;15.2;9.5;7.9;6.0;5.5;6.6;8.5;9.5;00° 00' 00.00 N;00° 00' 00.00 E;0;0
00:01:18;42.1;;49.6;;33.7;35.8;38.3;46.0;43.9;40.7;34.6;50.2;50.6;44.7;41.7;39.9;43.6;33.9;32.4;32.1;30.8;32.8;33.4;41.0;35.1;30.3;34.8;27.6;28.0;25.2;21.0;17.2;15.9;11.1;11.1;6.8;5.4;6.6;8.4;9.3;00° 00' 00.00 N;00° 00' 00.00 E;0;0
00:01:19;42.0;;49.6;;35.1;36.1;41.2;42.9;45.5;43.3;36.1;51.3;50.3;45.7;43.9;40.6;44.8;35.0;33.5;31.9;30.8;32.0;33.0;40.9;34.2;30.3;34.6;29.0;28.1;24.4;21.1;17.4;16.8;10.3;8.2;5.2;5.0;6.3;8.3;9.4;00° 00' 00.00 N;00° 00' 00.00 E;0;0
00:01:20;42.0;;49.6;;37.8;32.6;33.2;39.8;43.7;40.1;35.3;51.0;50.1;46.2;42.4;40.2;43.3;31.6;34.3;31.9;30.1;32.4;33.1;40.6;33.9;30.7;36.1;27.9;26.6;24.1;20.4;16.3;15.0;10.1;7.8;5.4;5.0;6.2;8.9;9.5;00° 00' 00.00 N;00° 00' 00.00 E;0;0
00:01:21;41.8;;49.6;;36.9;35.4;36.0;45.6;44.4;43.3;31.9;51.1;50.6;47.5;42.7;38.5;41.0;33.8;33.9;32.6;30.1;32.7;32.9;41.5;33.8;29.8;34.0;27.0;25.9;23.9;20.4;17.3;14.6;10.1;8.1;5.8;5.5;6.3;9.5;9.6;00° 00' 00.00 N;00° 00' 00.00 E;0;0
00:01:22;41.6;;49.6;;35.0;35.5;37.0;47.8;45.5;42.3;36.6;51.8;50.8;46.2;43.9;39.6;45.7;33.6;33.3;31.9;30.6;32.5;33.8;39.8;34.3;30.2;35.0;27.8;26.4;23.9;20.4;17.0;15.9;9.9;8.1;5.7;5.4;6.4;8.4;9.3;00° 00' 00.00 N;00° 00' 00.00 E;0;0
00:01:23;41.6;;49.6;;34.7;42.7;35.6;43.4;45.4;42.6;36.4;50.9;50.4;47.8;43.7;39.9;39.8;33.6;33.6;30.8;31.3;30.8;33.4;41.0;34.2;29.9;34.4;27.9;26.1;23.2;20.5;16.5;15.2;9.7;8.3;5.9;5.6;6.6;8.5;9.4;00° 00' 00.00 N;00° 00' 00.00 E;0;0
00:01:24;42.0;;49.6;;40.6;42.4;40.4;41.7;44.0;41.3;34.6;51.5;51.0;45.9;43.4;40.0;42.8;33.0;33.5;31.0;29.8;31.9;31.7;41.0;33.9;30.2;36.0;26.7;26.8;24.3;21.4;18.4;14.4;10.6;8.8;6.2;6.1;6.5;8.5;9.3;00° 00' 00.00 N;00° 00' 00.00 E;0;0
00:01:25;43.0;;49.6;;39.0;41.9;39.5;42.2;46.2;45.3;34.4;52.4;52.7;44.9;44.1;40.1;43.9;33.3;33.0;31.1;30.1;32.1;33.8;43.0;34.0;29.6;36.8;27.4;26.3;24.0;20.8;17.2;15.4;10.3;10.5;6.5;5.5;6.4;8.5;9.3;00° 00' 00.00 N;00° 00' 00.00 E;0;0
00:01:26;42.8;;49.6;;43.2;38.8;37.7;39.6;46.3;42.8;39.1;53.8;51.2;46.1;42.9;40.6;44.0;33.2;33.0;31.2;31.2;31.2;34.9;43.4;34.2;30.5;33.8;27.1;26.2;23.6;20.7;16.3;15.3;9.7;8.9;5.9;5.7;6.6;8.6;9.3;00° 00' 00.00 N;00° 00' 00.00 E;0;0
00:01:27;42.8;;49.6;;37.1;34.4;39.1;40.8;45.9;44.5;38.2;51.8;50.5;47.0;43.9;40.1;42.7;33.1;32.9;31.1;30.7;31.7;33.7;42.6;34.5;29.9;36.2;26.6;26.6;23.5;20.4;16.2;13.8;9.8;7.6;6.8;6.4;6.8;8.4;9.3;00° 00' 00.00 N;00° 00' 00.00 E;0;0
00:01:28;43.1;;49.6;;26.0;34.2;39.4;43.7;43.9;43.1;39.0;51.9;49.8;47.9;42.9;40.2;42.0;32.7;32.6;31.4;29.9;31.1;33.6;43.0;34.9;29.9;36.5;26.5;26.3;23.5;20.6;16.5;15.7;10.2;8.8;7.2;6.6;6.8;9.1;9.5;00° 00' 00.00 N;00° 00' 00.00 E;0;0
00:01:29;42.5;;49.6;;34.4;38.4;38.2;42.7;47.0;44.6;38.1;52.8;50.6;47.5;43.9;40.2;44.2;33.4;32.6;31.6;31.2;32.2;33.6;42.4;34.0;29.9;35.2;26.3;26.9;23.6;21.0;17.0;16.2;10.5;9.0;7.9;7.2;7.1;8.5;9.3;00° 00' 00.00 N;00° 00' 00.00 E;0;0
00:01:30;43.1;;49.6;;35.5;27.5;39.9;41.4;45.6;44.1;39.0;52.0;50.4;47.1;43.4;40.6;43.7;32.4;32.8;31.7;31.0;30.9;33.2;43.2;34.3;29.6;36.0;27.0;26.6;23.9;20.6;17.4;15.4;11.8;11.8;10.4;9.2;8.1;8.8;9.5;00° 00' 00.00 N;00° 00' 00.00 E;0;0
00:01:31;44.0;;49.6;;36.6;40.9;41.0;43.7;45.1;42.5;35.6;53.0;51.0;45.7;44.9;40.1;44.5;33.9;33.4;32.0;30.7;31.3;34.1;45.6;33.6;29.7;32.8;26.7;25.6;24.2;21.1;18.1;16.4;14.3;14.0;13.3;13.4;10.9;9.3;9.5;00° 00' 00.00 N;00° 00' 00.00 E;0;0
00:01:32;42.1;;49.6;;35.6;34.3;36.6;44.5;45.3;42.8;34.2;52.2;50.4;44.9;43.6;41.2;41.5;32.6;33.3;31.2;30.5;31.0;34.2;42.6;34.4;29.7;30.9;27.0;26.0;24.2;21.4;18.1;17.3;16.2;15.5;15.8;15.6;12.5;9.8;9.4;00° 00' 00.00 N;00° 00' 00.00 E;0;0
00:01:33;42.5;;49.6;;28.6;26.2;37.0;40.4;43.4;42.4;36.6;52.3;50.1;45.0;41.8;40.1;41.6;32.9;34.1;32.9;31.1;31.5;33.6;42.0;34.2;30.5;35.8;26.7;26.2;24.1;21.3;18.7;18.1;16.9;16.7;16.2;16.5;13.5;10.3;9.7;00° 00' 00.00 N;00° 00' 00.00 E;0;0
00:01:34;42.0;;49.6;;34.9;31.7;39.1;42.4;45.2;43.2;37.3;57.0;51.6;45.7;44.1;42.0;40.8;32.3;34.8;32.0;30.8;31.7;34.3;41.5;34.4;30.8;33.4;27.0;26.6;24.3;21.6;19.8;18.8;18.0;17.5;17.4;18.0;14.6;10.9;9.8;00° 00' 00.00 N;00° 00' 00.00 E;0;0
00:01:35;42.8;;49.6;;40.5;43.2;40.3;44.6;43.7;39.8;35.8;53.0;48.0;46.9;41.3;40.5;40.5;34.4;35.7;31.7;31.7;32.1;33.4;43.3;34.3;30.1;33.6;27.8;27.1;24.7;21.6;20.0;18.6;17.9;17.3;16.9;16.7;13.1;10.0;9.6;00° 00' 00.00 N;00° 00' 00.00 E;0;0
00:01:36;43.4;;49.6;;35.1;34.4;36.4;39.7;45.8;43.7;37.5;55.9;50.7;45.4;42.4;40.8;43.1;32.7;34.5;32.8;32.0;33.0;33.4;44.3;33.8;30.3;34.2;27.7;27.5;24.2;21.3;18.7;17.2;15.8;15.8;14.7;14.1;10.8;9.7;9.6;00° 00' 00.00 N;00° 00' 00.00 E;0;0
00:01:37;42.7;;49.6;;30.2;34.4;37.5;38.0;46.0;42.8;36.1;53.6;50.0;45.6;42.5;40.4;41.4;31.9;33.7;31.6;30.2;32.0;34.4;42.7;34.5;29.9;35.3;26.7;27.0;24.2;21.4;18.7;17.1;15.2;14.4;14.2;13.8;10.9;9.2;9.5;00° 00' 00.00 N;00° 00' 00.00 E;0;0
00:01:38;42.5;;49.6;;26.5;39.8;41.7;43.3;46.8;42.7;37.3;52.0;51.1;47.3;42.9;40.6;39.3;31.9;34.9;33.1;31.6;32.1;34.2;41.6;33.7;30.3;36.1;27.2;27.5;24.3;21.5;18.3;17.6;15.3;14.9;14.3;14.1;10.9;9.3;9.5;00° 00' 00.00 N;00° 00' 00.00 E;0;0
00:01:39;41.9;;49.6;;31.8;39.1;39.5;35.8;45.3;43.8;41.9;53.0;50.9;45.9;42.3;41.4;41.4;32.4;33.9;31.1;31.1;32.4;33.8;39.4;34.2;30.9;36.4;27.5;27.5;24.5;21.1;18.2;18.0;14.9;14.0;13.6;13.3;10.4;9.1;9.5;00° 00' 00.00 N;00° 00' 00.00 E;0;0
00:01:40;42.0;;49.6;;28.0;35.3;40.6;42.9;45.7;41.8;49.2;52.0;49.7;45.6;42.0;40.5;39.1;33.1;34.5;33.2;33.4;31.6;33.8;39.7;34.7;30.6;36.3;28.3;27.5;23.7;21.2;18.4;18.0;15.2;14.6;14.0;13.8;10.4;9.1;9.4;00° 00' 00.00 N;00° 00' 00.00 E;0;0
00:01:41;41.4;;49.6;;32.8;34.0;37.7;43.1;44.0;41.5;51.3;52.2;49.6;46.9;41.5;41.1;40.9;32.6;34.1;32.2;33.0;31.7;32.3;38.8;33.7;30.7;36.1;27.2;27.1;24.2;20.8;17.9;16.6;14.8;14.0;13.5;13.1;9.9;9.1;9.5;00° 00' 00.00 N;00° 00' 00.00 E;0;0
00:01:42;41.1;;49.6;;30.8;32.0;36.5;42.6;46.8;46.1;51.9;53.7;50.4;48.0;41.9;40.5;39.2;32.3;33.7;34.9;34.2;32.6;33.5;39.1;34.5;29.7;33.1;27.7;26.8;24.1;20.7;17.4;16.2;14.3;13.3;12.8;12.1;9.8;9.5;9.6;00° 00' 00.00 N;00° 00' 00.00 E;0;0
00:01:43;41.8;;49.6;;35.1;34.4;37.2;39.4;47.4;42.5;42.2;56.5;49.5;48.4;43.3;39.8;44.4;35.2;32.7;32.2;34.5;32.8;33.7;40.3;34.5;30.4;34.4;27.6;27.4;24.8;21.0;18.0;16.8;14.0;13.4;12.7;12.2;9.4;9.1;9.5;00° 00' 00.00 N;00° 00' 00.00 E;0;0
00:01:44;42.4;;49.6;;35.2;31.9;37.2;38.9;48.0;45.2;37.0;56.2;51.0;47.5;42.8;41.1;41.9;32.9;34.1;31.5;33.0;34.0;33.7;39.7;34.3;31.8;36.9;29.8;27.8;25.0;21.5;17.6;16.6;13.8;13.2;12.3;11.6;9.0;8.8;9.4;00° 00' 00.00 N;00° 00' 00.00 E;0;0
00:01:45;42.1;;49.6;;29.5;32.2;36.2;38.6;48.9;46.1;41.6;53.8;52.0;47.2;44.8;40.3;44.9;33.2;32.5;31.9;32.9;33.0;34.8;38.8;34.5;31.9;35.8;30.3;28.4;25.2;21.4;17.9;17.9;13.4;11.9;11.1;10.3;8.3;9.0;9.6;00° 00' 00.00 N;00° 00' 00.00 E;0;0
00:01:46;41.4;;49.6;;31.8;33.9;38.4;38.0;49.1;46.8;40.9;53.4;51.4;47.0;43.5;40.5;41.5;35.2;32.9;32.0;33.4;32.5;34.5;38.3;34.4;31.3;35.0;28.1;27.8;24.1;20.8;17.6;16.0;13.1;11.9;10.9;10.0;8.1;8.7;9.4;00° 00' 00.00 N;00° 00' 00.00 E;0;0
00:01:47;42.7;;49.6;;34.4;36.0;36.3;44.6;47.1;45.0;45.6;53.9;51.9;46.0;43.5;40.1;41.4;32.6;34.3;32.7;32.7;33.6;34.3;41.6;35.0;32.1;35.3;29.1;27.3;24.4;22.1;19.4;17.9;14.6;12.5;11.2;10.4;8.3;8.7;9.3;00° 00' 00.00 N;00° 00' 00.00 E;0;0
00:01:48;42.2;;49.6;;30.1;34.5;32.8;41.7;47.8;44.1;39.3;53.2;52.2;46.5;42.1;40.1;43.0;32.8;33.5;32.3;32.4;31.8;32.8;41.3;34.6;31.2;35.5;27.9;26.7;24.2;20.8;17.9;17.2;12.9;11.3;10.6;10.2;8.4;8.7;9.4;00° 00' 00.00 N;00° 00' 00.00 E;0;0
00:01:49;42.2;;49.6;;27.4;38.2;33.0;40.1;47.7;45.9;45.5;53.7;51.7;47.1;43.9;39.7;43.1;33.4;34.3;33.3;31.1;31.7;33.3;42.1;33.9;31.1;33.2;27.7;26.2;23.6;20.8;17.0;14.6;12.2;10.6;10.4;10.0;8.3;8.8;9.4;00° 00' 00.00 N;00° 00' 00.00 E;0;0
00:01:50;41.8;;49.6;;32.6;33.0;32.9;41.5;47.4;43.1;49.0;54.3;52.6;46.9;41.6;40.2;41.4;31.1;34.4;31.8;31.4;32.7;33.5;40.4;33.6;30.7;35.8;27.2;26.7;24.1;20.9;17.1;15.7;11.7;10.4;10.2;10.0;9.9;8.7;9.3;00° 00' 00.00 N;00° 00' 00.00 E;0;0
00:01:51;42.1;;49.6;;31.4;30.8;33.7;40.5;45.7;41.4;48.8;54.0;52.0;45.2;43.7;39.3;44.1;33.8;32.5;31.7;32.3;32.9;33.5;40.8;34.4;30.5;36.1;27.4;27.1;23.6;20.1;17.0;15.8;11.7;10.4;9.7;9.5;8.3;8.7;9.4;00° 00' 00.00 N;00° 00' 00.00 E;0;0
00:01:52;41.2;;49.6;;31.5;26.2;35.8;41.5;49.2;46.0;47.6;53.6;52.6;47.3;43.1;41.1;40.6;32.4;36.2;31.9;31.9;32.8;32.6;38.7;33.3;31.2;34.6;28.1;27.2;23.9;20.7;16.6;15.9;11.6;10.4;9.5;9.4;7.9;8.7;9.4;00° 00' 00.00 N;00° 00' 00.00 E;0;0
00:01:53;42.7;;49.6;;32.7;26.5;36.9;41.5;48.8;45.0;45.5;55.0;51.8;46.2;40.3;40.2;39.4;31.9;34.4;32.5;32.7;34.3;34.3;41.5;34.6;31.7;36.5;28.4;26.8;24.4;20.7;17.1;17.6;11.4;10.4;9.1;8.6;7.3;8.5;9.3;00° 00' 00.00 N;00° 00' 00.00 E;0;0
00:01:54;42.4;;49.6;;29.3;29.0;39.5;42.6;48.7;42.8;39.1;55.5;52.0;48.0;43.7;39.6;42.9;34.2;34.5;32.1;32.8;33.5;34.4;40.6;34.6;32.6;35.3;29.4;28.3;25.7;21.4;17.0;15.2;10.9;9.7;8.0;7.4;7.2;8.6;9.5;00° 00' 00.00 N;00° 00' 00.00 E;0;0
00:01:55;42.3;;49.6;;32.4;28.7;35.1;44.3;46.7;44.6;38.3;56.9;52.0;49.2;42.8;40.5;42.9;34.4;34.8;33.8;32.6;33.9;33.3;39.2;34.8;33.8;35.9;29.9;28.9;25.4;21.9;17.7;16.2;11.0;9.2;8.3;8.1;7.6;9.1;9.5;00° 00' 00.00 N;00° 00' 00.00 E;0;0
00:01:56;41.9;;49.6;;28.0;32.0;34.5;41.2;48.1;45.8;42.0;53.7;52.7;47.5;44.2;40.6;45.0;33.7;34.6;33.3;32.6;33.4;34.0;39.6;33.8;32.3;34.8;29.4;28.1;25.7;21.4;18.2;18.7;11.8;10.5;9.8;9.8;8.3;8.8;9.5;00° 00' 00.00 N;00° 00' 00.00 E;0;0
00:01:57;42.9;;49.6;;32.0;35.4;32.5;43.1;47.1;45.3;36.5;53.0;51.7;46.7;43.6;41.2;40.5;33.3;36.9;34.6;32.6;34.3;33.7;40.6;34.3;32.6;37.3;29.6;27.9;25.1;21.6;17.9;17.5;11.4;10.4;10.0;9.7;8.8;10.3;9.6;00° 00' 00.00 N;00° 00' 00.00 E;0;0
00:01:58;42.7;;49.6;;27.7;34.4;36.1;40.1;49.4;44.0;38.1;54.7;51.2;46.3;42.8;39.4;41.7;34.0;39.7;34.4;33.3;33.7;33.0;40.9;34.4;32.9;36.4;29.5;28.0;25.5;21.3;18.2;19.0;11.2;9.9;8.8;8.5;7.7;8.6;9.5;00° 00' 00.00 N;00° 00' 00.00 E;0;0
00:01:59;41.5;;49.6;;29.2;32.2;36.6;40.0;47.0;43.1;36.8;52.6;53.1;46.4;41.7;40.2;40.0;36.0;38.4;32.8;33.5;34.0;33.0;39.5;33.6;32.0;33.2;29.1;26.9;24.7;21.4;17.1;15.5;11.0;9.4;8.4;8.3;7.5;8.6;9.4;00° 00' 00.00 N;00° 00' 00.00 E;0;0
00:02:00;42.5;;49.6;;32.2;32.1;39.7;39.5;48.6;45.6;38.3;53.1;52.2;46.8;41.9;40.1;39.0;33.8;37.0;32.4;33.3;33.2;32.8;41.3;33.5;33.2;36.0;28.9;27.4;24.9;21.0;17.9;14.9;11.3;10.9;9.0;7.8;7.3;8.4;9.4;00° 00' 00.00 N;00° 00' 00.00 E;0;0
00:02:01;41.9;;49.6;;29.8;31.6;38.2;42.2;49.3;45.4;40.9;52.4;51.7;46.2;43.9;40.3;43.5;35.8;38.1;32.0;33.9;33.1;33.3;38.3;33.7;32.4;36.3;29.2;27.9;25.2;21.3;17.5;16.3;10.7;9.2;8.0;7.5;7.1;8.4;9.3;00° 00' 00.00 N;00° 00' 00.00 E;0;0
00:02:02;42.8;;49.6;;29.7;30.2;37.2;45.1;48.4;44.6;39.6;51.9;52.5;46.7;42.2;40.2;41.4;37.9;39.5;31.6;32.5;33.6;34.1;38.4;34.6;34.2;37.7;30.7;29.5;25.2;21.3;17.2;14.9;10.8;9.9;8.0;7.3;7.1;8.6;9.4;00° 00' 00.00 N;00° 00' 00.00 E;0;0
00:02:03;44.2;;49.6;;23.4;34.2;37.2;38.9;47.3;43.2;37.9;53.7;53.3;48.2;43.2;41.0;41.7;37.6;40.4;32.6;34.2;33.8;35.1;41.7;34.5;35.0;39.1;31.3;29.3;25.9;21.5;17.4;15.5;10.6;9.2;7.7;7.6;7.1;8.4;9.4;00° 00' 00.00 N;00° 00' 00.00 E;0;0
00:02:04;43.4;;49.6;;31.7;30.7;30.6;38.9;49.5;45.6;35.8;53.2;53.6;48.1;43.3;40.3;40.8;36.1;38.8;32.3;34.6;33.1;33.0;41.3;33.8;32.5;38.8;29.6;27.7;25.1;21.5;17.6;16.1;10.9;10.2;8.3;8.0;7.2;8.6;9.4;00° 00' 00.00 N;00° 00' 00.00 E;0;0
00:02:05;42.2;;49.6;;30.3;31.3;36.2;38.0;48.4;45.9;39.2;52.7;53.7;47.4;43.7;40.1;41.7;36.3;38.2;32.5;35.2;32.8;32.1;37.2;33.9;31.6;38.1;29.0;27.3;25.0;20.7;17.5;16.0;10.6;10.1;7.9;7.0;6.9;9.0;9.5;00° 00' 00.00 N;00° 00' 00.00 E;0;0
00:02:06;42.5;;49.6;;30.2;26.1;30.7;43.5;47.5;43.2;38.0;53.1;51.9;45.7;43.9;39.9;42.0;33.2;34.6;32.0;33.4;31.7;32.6;39.0;33.4;31.4;38.4;29.0;27.9;25.2;21.2;17.4;14.6;10.5;9.3;7.2;5.9;6.5;8.4;9.3;00° 00' 00.00 N;00° 00' 00.00 E;0;0
00:02:07;42.8;;49.6;;31.8;30.0;37.1;38.6;48.7;44.3;37.2;52.8;52.6;45.4;44.6;40.0;43.8;33.5;34.3;31.7;31.7;32.4;32.6;40.7;34.3;30.3;37.9;29.4;28.2;25.2;21.3;17.0;13.6;9.5;7.8;6.0;5.4;6.4;8.5;9.4;00° 00' 00.00 N;00° 00' 00.00 E;0;0
00:02:08;42.9;;49.6;;34.6;34.2;36.1;41.6;49.8;46.3;35.7;53.6;52.8;45.7;43.8;40.2;44.2;34.4;33.1;32.4;31.1;32.8;32.9;40.2;33.6;30.6;38.6;29.1;28.5;26.0;21.4;16.9;13.8;9.1;7.0;5.2;5.0;6.2;8.4;9.4;00° 00' 00.00 N;00° 00' 00.00 E;0;0
00:02:09;42.1;;49.6;;36.8;38.0;35.3;43.3;47.1;43.0;33.6;51.5;51.7;46.2;43.1;40.0;40.5;32.4;34.4;31.2;30.3;31.9;32.3;41.3;34.8;31.0;34.4;29.8;27.5;24.6;20.8;17.7;15.4;11.0;10.5;7.4;5.9;7.1;10.4;9.6;00° 00' 00.00 N;00° 00' 00.00 E;0;0
00:02:10;41.2;;49.6;;32.1;32.7;34.4;42.4;47.8;42.8;37.3;52.8;51.7;45.4;43.7;40.5;42.0;32.4;34.9;32.2;30.4;31.7;33.2;37.5;33.7;29.9;36.1;28.6;26.8;24.4;20.6;17.2;15.8;9.1;8.1;5.5;5.1;6.4;8.3;9.4;00° 00' 00.00 N;00° 00' 00.00 E;0;0
00:02:11;41.7;;49.6;;24.5;28.6;34.1;42.0;48.5;44.5;36.8;52.7;52.0;46.7;42.8;40.0;41.6;32.3;34.9;32.0;30.0;31.0;32.5;40.5;34.2;30.1;35.1;27.7;26.2;24.4;20.6;16.2;14.9;9.1;7.0;4.9;4.2;6.1;8.6;9.5;00° 00' 00.00 N;00° 00' 00.00 E;0;0
00:02:12;40.9;;49.6;;26.6;28.3;31.0;44.7;48.5;45.3;34.5;53.4;52.5;45.4;44.0;40.7;41.7;33.0;35.9;32.3;30.8;32.2;32.3;37.2;33.5;30.1;35.7;27.1;26.3;24.0;20.3;16.3;13.2;8.7;7.3;5.2;4.4;6.2;8.5;9.4;00° 00' 00.00 N;00° 00' 00.00 E;0;0
00:02:13;40.9;;49.6;;27.9;28.6;34.0;38.4;47.2;43.2;38.5;52.3;52.0;44.3;42.1;40.2;39.9;31.4;34.8;31.5;30.2;30.8;32.8;37.9;33.7;29.2;35.7;27.2;26.7;23.8;20.3;16.2;15.2;8.5;7.4;4.5;4.1;6.0;8.6;9.4;00° 00' 00.00 N;00° 00' 00.00 E;0;0
00:02:14;42.1;;49.6;;27.3;30.6;33.9;40.5;48.6;44.6;40.2;53.0;52.4;46.0;42.9;40.6;41.2;32.5;34.2;31.5;29.6;31.5;33.1;41.3;33.2;30.1;35.9;28.1;26.9;23.7;20.3;15.8;15.9;8.5;8.0;4.4;3.7;6.0;9.0;9.5;00° 00' 00.00 N;00° 00' 00.00 E;0;0
00:02:15;41.1;;49.6;;25.1;28.8;32.5;41.8;47.4;43.3;36.7;54.4;51.7;43.7;44.1;38.8;44.1;32.5;34.2;30.2;28.5;30.9;33.0;38.1;33.0;29.8;36.2;26.7;26.1;23.1;19.7;15.2;12.4;8.2;6.5;4.3;3.9;6.0;8.4;9.3;00° 00' 00.00 N;00° 00' 00.00 E;0;0
00:02:16;42.5;;49.6;;23.8;32.5;31.7;42.6;48.5;45.5;33.8;54.9;52.4;44.9;44.5;39.0;41.7;30.3;35.1;30.8;29.7;32.2;32.3;42.9;33.6;29.7;35.1;26.7;26.4;23.2;20.2;16.0;13.9;8.5;7.6;4.2;3.3;6.1;8.8;9.5;00° 00' 00.00 N;00° 00' 00.00 E;0;0
00:02:17;41.9;;49.6;;32.0;33.0;39.4;39.3;48.3;43.5;42.7;53.1;52.3;43.9;42.2;39.1;43.3;32.1;34.0;31.3;30.3;31.3;32.9;42.3;33.0;29.8;33.3;26.8;25.9;23.3;20.0;15.9;14.3;8.3;7.3;3.9;3.3;5.9;8.4;9.4;00° 00' 00.00 N;00° 00' 00.00 E;0;0
00:02:18;41.2;;49.6;;31.3;33.8;33.3;43.3;47.9;44.1;40.0;53.3;52.2;40.8;44.1;39.7;44.0;32.1;34.7;31.3;31.2;32.2;33.3;39.4;33.8;30.1;34.6;27.3;25.9;23.5;19.8;15.9;12.8;8.4;6.6;4.2;3.6;6.7;8.5;9.4;00° 00' 00.00 N;00° 00' 00.00 E;0;0
00:02:19;41.2;;49.6;;33.0;31.5;35.3;43.7;48.0;43.9;39.2;53.9;52.3;43.8;44.5;40.0;43.9;32.7;33.9;31.1;31.0;32.3;32.2;38.6;34.5;30.1;35.3;27.3;25.9;23.8;20.3;16.1;13.1;8.6;8.3;5.0;3.6;5.9;8.5;9.5;00° 00' 00.00 N;00° 00' 00.00 E;0;0
00:02:20;41.6;;49.6;;29.9;34.1;34.8;39.9;48.8;45.0;37.2;53.6;51.9;42.8;45.1;41.0;42.8;32.6;33.6;32.3;30.7;32.0;32.1;40.6;33.9;30.2;34.8;26.7;26.5;24.0;20.3;15.9;14.3;8.7;6.2;4.0;3.8;6.0;8.5;9.4;00° 00' 00.00 N;00° 00' 00.00 E;0;0
00:02:21;41.4;;49.6;;32.1;33.8;30.2;40.8;48.1;44.6;36.8;53.6;51.9;41.4;44.5;41.4;44.4;33.5;34.5;30.3;30.2;31.1;32.9;40.9;33.9;29.7;33.1;27.2;26.8;24.1;20.3;16.4;15.1;8.1;6.2;3.7;3.4;6.5;11.1;9.6;00° 00' 00.00 N;00° 00' 00.00 E;0;0
00:02:22;41.8;;49.6;;34.0;30.6;32.7;41.9;48.1;43.9;35.6;53.3;52.1;43.6;43.6;40.7;41.9;32.8;34.6;32.0;29.8;32.1;33.5;41.6;34.5;30.0;32.7;27.7;26.7;23.4;20.0;16.5;15.9;10.0;9.5;5.5;4.2;6.3;8.5;9.4;00° 00' 00.00 N;00° 00' 00.00 E;0;0
00:02:23;42.1;;49.6;;33.2;23.9;31.8;38.9;48.4;45.0;35.1;53.3;51.9;41.3;43.0;41.0;43.3;30.5;34.9;30.3;30.5;31.1;33.2;42.0;35.2;29.9;33.0;28.2;26.9;23.6;19.5;16.7;16.6;8.9;7.4;3.5;3.3;7.1;8.5;9.5;00° 00' 00.00 N;00° 00' 00.00 E;0;0
00:02:24;41.7;;49.6;;32.0;29.3;36.1;34.2;48.8;45.6;32.5;52.5;51.9;41.0;42.8;39.2;42.3;33.6;33.2;31.5;30.9;31.5;32.5;41.6;34.7;29.7;32.8;27.5;26.2;23.6;20.1;16.0;14.7;8.6;6.9;3.8;3.5;5.9;8.4;9.3;00° 00' 00.00 N;00° 00' 00.00 E;0;0
00:02:25;41.0;;49.6;;33.9;32.5;32.7;41.0;46.5;41.7;34.2;53.1;51.7;41.9;43.1;41.0;42.3;33.3;34.9;32.1;30.1;32.2;32.5;40.0;33.6;29.9;32.1;27.9;27.4;24.1;20.3;16.4;13.3;8.5;6.8;4.4;3.5;6.1;8.7;9.4;00° 00' 00.00 N;00° 00' 00.00 E;0;0
00:02:26;43.1;;49.6;;31.0;34.5;32.2;38.1;48.6;45.0;35.0;53.5;52.1;42.2;46.1;40.9;44.2;32.8;34.6;30.8;30.7;32.3;33.6;43.6;33.8;30.7;34.9;28.5;26.9;23.6;20.1;16.5;15.0;8.4;6.8;4.1;3.3;6.0;8.4;9.4;00° 00' 00.00 N;00° 00' 00.00 E;0;0
00:02:27;43.1;;49.6;;30.9;32.1;32.1;39.8;48.3;43.7;35.1;53.1;52.2;40.4;44.6;43.9;43.9;31.9;34.6;31.9;31.1;32.2;34.0;43.5;33.8;31.1;34.9;29.1;27.7;24.4;20.4;16.2;14.5;8.6;6.8;4.2;3.4;6.4;8.6;9.4;00° 00' 00.00 N;00° 00' 00.00 E;0;0
00:02:28;41.4;;49.6;;31.6;32.9;32.1;40.1;48.8;44.8;34.1;52.4;51.8;43.4;44.8;44.3;41.4;32.7;35.6;32.0;30.9;32.3;33.0;38.7;33.5;30.8;35.2;29.4;28.0;24.0;20.4;16.1;12.7;8.0;6.8;3.6;3.3;6.1;8.5;9.4;00° 00' 00.00 N;00° 00' 00.00 E;0;0
00:02:29;42.2;;49.6;;30.1;28.9;33.7;40.4;47.0;42.8;35.3;52.9;52.3;40.5;44.6;42.0;40.1;31.3;34.7;31.5;31.3;33.0;32.1;40.8;34.6;30.8;36.1;28.7;26.8;23.9;20.2;16.2;14.9;8.9;10.0;4.4;3.5;5.8;8.5;9.3;00° 00' 00.00 N;00° 00' 00.00 E;0;0
00:02:30;42.8;;49.6;;34.4;27.8;37.3;40.8;47.4;43.5;36.1;52.8;51.9;41.8;42.0;41.1;43.0;33.1;34.7;30.9;31.3;31.0;33.1;42.3;34.3;30.4;36.2;28.3;26.6;23.8;20.3;15.5;14.0;7.9;7.7;3.9;3.2;5.9;8.4;9.5;00° 00' 00.00 N;00° 00' 00.00 E;0;0
00:02:31;43.2;;49.6;;33.5;32.2;34.2;40.0;48.8;44.9;35.9;53.0;52.3;38.7;44.7;41.2;44.5;33.0;33.5;32.1;32.1;32.4;33.3;43.6;35.2;31.0;34.6;28.5;27.2;24.0;20.0;15.5;12.7;8.4;6.1;3.7;3.3;6.8;11.4;9.7;00° 00' 00.00 N;00° 00' 00.00 E;0;0
00:02:32;41.8;;49.6;;27.0;29.8;36.0;36.0;48.0;44.1;35.3;52.5;51.9;42.2;42.6;41.1;38.8;30.9;34.5;31.1;30.5;33.0;33.9;40.4;34.7;30.8;34.7;28.0;27.3;23.8;20.4;15.6;12.9;8.0;5.9;4.4;3.6;6.0;8.5;9.3;00° 00' 00.00 N;00° 00' 00.00 E;0;0
00:02:33;41.3;;49.6;;31.6;33.5;33.4;37.7;47.7;44.2;34.6;52.6;51.8;42.4;45.6;40.7;44.2;33.3;34.0;32.4;31.4;33.4;33.5;40.1;33.7;30.5;32.6;27.4;26.2;23.9;20.0;15.5;12.1;8.0;5.6;3.8;3.4;6.0;8.5;9.3;00° 00' 00.00 N;00° 00' 00.00 E;0;0
00:02:34;42.5;;49.6;;28.1;30.9;37.0;38.2;48.9;44.2;34.5;52.8;52.1;42.1;42.7;40.2;42.3;32.1;33.3;31.5;31.2;31.8;32.8;43.2;34.2;30.4;33.3;27.1;25.9;23.6;20.3;15.7;12.0;8.1;5.5;3.6;3.6;6.2;8.4;9.4;00° 00' 00.00 N;00° 00' 00.00 E;0;0
00:02:35;42.0;;49.6;;29.2;28.8;37.4;40.7;48.8;45.4;38.4;52.4;51.8;41.1;43.3;40.3;40.6;32.2;33.8;30.1;30.1;31.0;32.7;42.3;34.1;29.8;33.5;26.3;25.9;24.1;20.6;15.5;12.1;8.0;5.5;4.0;3.8;5.9;8.7;9.4;00° 00' 00.00 N;00° 00' 00.00 E;0;0
00:02:36;40.8;;49.6;;27.8;31.8;34.7;40.7;49.2;45.1;37.2;53.0;52.1;42.1;43.7;40.2;44.4;32.4;33.2;32.0;30.1;31.7;32.4;39.9;33.4;29.7;32.9;26.1;25.2;23.5;20.3;15.6;12.1;8.2;5.5;3.7;3.5;6.0;8.4;9.3;00° 00' 00.00 N;00° 00' 00.00 E;0;0
00:02:37;41.6;;49.6;;33.8;26.3;34.0;41.1;48.1;43.2;33.6;53.8;52.7;41.3;41.7;39.8;39.1;32.0;33.2;30.5;30.6;32.5;32.6;41.1;33.4;29.8;34.5;26.5;25.0;23.9;20.4;15.2;12.0;8.3;5.8;4.3;4.1;6.1;8.5;9.4;00° 00' 00.00 N;00° 00' 00.00 E;0;0
00:02:38;41.8;;49.6;;31.5;34.9;34.5;40.4;48.0;44.5;35.9;52.5;52.1;41.6;44.2;40.1;43.2;32.5;32.7;32.1;29.4;31.1;32.6;41.5;33.0;29.9;35.2;26.4;25.5;23.3;20.2;15.6;12.2;8.7;6.2;4.9;4.9;6.2;9.3;9.7;00° 00' 00.00 N;00° 00' 00.00 E;0;0
00:02:39;42.4;;49.6;;33.7;32.6;37.4;41.5;49.0;45.3;33.5;52.7;52.1;42.7;42.6;39.8;42.1;32.2;34.8;32.2;30.2;32.2;33.8;42.8;33.8;29.5;33.9;27.0;26.0;23.4;20.5;16.1;12.3;8.3;5.9;4.2;4.4;6.3;8.4;9.3;00° 00' 00.00 N;00° 00' 00.00 E;0;0
00:02:40;42.2;;49.6;;20.3;29.6;30.7;40.5;47.1;43.1;31.7;52.1;51.4;41.1;41.7;40.5;40.3;32.0;35.1;31.3;30.1;31.0;32.9;42.1;33.6;30.8;35.4;26.7;25.9;23.7;20.4;15.9;12.4;8.3;6.2;4.7;4.4;6.7;11.3;10.4;00° 00' 00.00 N;00° 00' 00.00 E;0;0
00:02:41;41.0;;49.6;;30.4;31.3;35.7;41.9;48.6;43.1;35.1;52.5;52.1;44.0;43.7;41.1;42.9;32.6;36.0;32.6;30.3;32.5;32.4;39.9;33.7;30.0;32.5;26.7;26.2;23.8;20.2;15.6;12.1;8.9;6.4;4.6;4.8;6.9;11.2;9.7;00° 00' 00.00 N;00° 00' 00.00 E;0;0
00:02:42;41.6;;49.6;;31.2;28.5;32.9;42.4;47.7;44.1;35.6;53.2;52.3;44.6;42.1;39.2;39.1;31.1;35.4;31.9;30.7;33.3;33.1;41.5;33.7;30.2;32.8;27.1;26.9;23.3;20.2;15.8;12.2;8.5;6.2;4.9;4.5;6.1;8.6;9.3;00° 00' 00.00 N;00° 00' 00.00 E;0;0
00:02:43;40.8;;49.6;;28.2;29.5;36.5;43.5;48.8;45.4;34.4;52.8;52.2;45.1;41.3;39.5;41.3;32.1;35.4;32.5;29.6;31.4;33.1;38.9;34.2;30.2;33.4;27.1;26.1;23.6;20.4;15.9;12.1;8.4;6.1;4.5;4.4;6.2;8.5;9.3;00° 00' 00.00 N;00° 00' 00.00 E;0;0
00:02:44;41.4;;49.6;;27.9;29.4;33.3;42.0;47.1;42.6;33.7;52.7;52.0;45.8;43.1;40.1;42.3;32.5;35.0;32.7;30.6;30.9;33.2;40.6;34.0;30.1;33.5;27.0;26.2;23.2;20.2;15.5;11.9;8.1;6.0;4.2;3.8;6.0;8.4;9.4;00° 00' 00.00 N;00° 00' 00.00 E;0;0
00:02:45;40.7;;49.6;;31.9;34.9;32.5;42.1;48.5;44.0;33.6;52.8;52.2;46.7;43.5;40.7;43.0;32.2;34.0;31.4;31.1;31.7;32.2;39.8;33.5;29.9;31.4;26.8;26.2;24.0;20.3;15.5;12.0;8.1;5.8;3.9;3.8;6.3;9.1;9.4;00° 00' 00.00 N;00° 00' 00.00 E;0;0
00:02:46;41.4;;49.6;;24.9;33.0;30.7;41.7;48.4;43.7;33.4;52.1;51.8;46.9;42.6;39.6;41.6;32.9;34.9;32.3;31.2;31.9;32.3;40.9;33.4;29.3;33.8;26.7;26.1;24.1;21.0;17.6;15.5;12.9;10.1;6.7;5.5;6.3;8.4;9.4;00° 00' 00.00 N;00° 00' 00.00 E;0;0
00:02:47;40.9;;49.6;;28.3;35.6;36.4;43.5;48.8;45.0;34.4;53.2;51.8;44.4;43.1;40.6;43.7;32.1;33.3;32.4;31.0;31.5;32.9;39.0;33.5;29.4;34.3;26.8;26.4;24.2;20.4;15.5;11.8;8.2;5.7;3.8;3.6;6.0;8.5;9.4;00° 00' 00.00 N;00° 00' 00.00 E;0;0
00:02:48;41.3;;49.6;;32.1;31.1;34.0;41.0;47.8;43.8;30.6;52.7;52.6;46.7;44.1;39.6;43.7;34.0;33.5;31.0;30.3;32.2;32.8;38.7;33.9;30.1;36.0;26.9;26.2;24.0;20.3;15.4;11.5;7.9;5.7;3.9;3.8;5.9;8.4;9.4;00° 00' 00.00 N;00° 00' 00.00 E;0;0
00:02:49;41.5;;49.6;;27.1;35.1;34.5;43.4;49.0;45.5;31.5;52.5;52.1;45.8;43.6;40.7;45.0;33.9;34.4;33.1;32.7;33.3;33.2;38.5;34.2;29.6;36.2;26.9;26.6;24.1;21.0;15.5;12.4;8.1;5.6;3.8;3.6;6.7;11.4;9.9;00° 00' 00.00 N;00° 00' 00.00 E;0;0
00:02:50;43.6;;49.6;;23.6;33.8;40.3;43.5;48.2;42.9;35.2;52.7;51.7;47.0;42.9;39.0;42.9;33.2;34.0;31.1;31.2;32.0;32.8;43.5;33.8;30.2;38.3;26.8;26.2;24.0;21.1;15.4;12.1;8.6;5.8;4.4;4.2;6.2;9.1;9.7;00° 00' 00.00 N;00° 00' 00.00 E;0;0
00:02:51;42.8;;49.6;;29.2;35.1;35.5;43.5;48.8;45.7;32.9;53.1;52.4;44.6;41.7;38.8;40.6;32.0;33.3;31.6;32.3;32.3;33.5;42.9;33.2;30.3;35.9;26.5;25.9;24.4;20.7;15.9;12.4;8.0;5.4;3.8;3.6;6.1;8.4;9.3;00° 00' 00.00 N;00° 00' 00.00 E;0;0
00:02:52;42.4;;49.6;;31.5;28.7;37.0;43.4;48.2;43.3;35.5;53.2;51.9;45.7;43.1;40.4;43.5;33.7;34.0;32.5;31.8;31.8;34.1;42.3;33.9;30.6;34.5;27.1;26.8;24.6;20.4;15.6;12.3;8.0;5.7;4.0;4.0;6.0;8.5;9.4;00° 00' 00.00 N;00° 00' 00.00 E;0;0
00:02:53;41.9;;49.6;;32.9;35.8;36.5;41.6;47.4;43.7;32.2;52.1;52.0;48.2;43.1;40.1;44.2;33.2;33.2;33.4;30.7;32.1;31.9;41.0;33.2;29.7;35.9;27.3;26.2;24.0;20.3;15.3;11.7;8.1;5.4;3.9;3.6;6.0;8.5;9.2;00° 00' 00.00 N;00° 00' 00.00 E;0;0
00:02:54;41.1;;49.6;;32.4;28.7;37.0;40.4;47.5;43.9;34.1;52.7;52.9;48.4;43.2;40.9;43.0;32.7;35.2;33.6;31.6;31.8;33.4;39.3;33.7;29.7;34.4;26.8;25.9;23.7;20.3;15.2;11.9;8.0;5.2;3.6;3.8;6.1;8.5;9.3;00° 00' 00.00 N;00° 00' 00.00 E;0;0
00:02:55;42.5;;49.6;;29.2;30.9;32.1;45.4;49.6;45.3;33.9;52.3;52.0;46.9;41.6;39.4;41.2;31.4;33.8;32.4;31.5;32.0;32.6;43.1;33.6;29.7;34.0;26.9;25.5;23.5;20.6;15.8;12.9;8.3;5.7;4.1;3.8;6.4;9.2;9.8;00° 00' 00.00 N;00° 00' 00.00 E;0;0
00:02:56;42.0;;49.6;;26.9;32.0;36.6;42.5;47.2;43.4;34.4;52.8;51.8;47.4;44.4;40.5;42.8;31.0;33.3;32.0;31.3;32.1;33.7;42.0;34.3;30.0;33.3;26.2;25.7;23.5;20.8;16.0;12.6;8.4;6.0;4.1;3.8;6.0;8.6;9.4;00° 00' 00.00 N;00° 00' 00.00 E;0;0
00:02:57;42.3;;49.6;;29.9;31.6;42.5;44.9;47.2;43.2;33.5;52.6;51.9;44.9;42.5;40.3;44.1;33.2;34.3;31.7;30.6;32.4;33.5;42.3;33.8;30.2;35.0;26.3;25.8;24.1;20.7;15.4;12.2;8.4;5.8;4.2;4.1;6.1;8.5;9.3;00° 00' 00.00 N;00° 00' 00.00 E;0;0
00:02:58;42.2;;49.6;;32.9;29.7;38.9;43.3;48.4;44.7;34.2;52.9;53.0;45.2;43.6;39.6;41.5;33.2;34.4;32.0;30.2;31.5;32.7;42.3;34.3;30.0;34.3;26.6;26.1;24.1;20.8;16.0;12.4;8.5;5.7;3.9;3.8;6.7;12.3;10.1;00° 00' 00.00 N;00° 00' 00.00 E;0;0
00:02:59;43.2;;49.6;;30.8;28.1;38.1;41.7;48.0;44.8;33.5;52.5;52.6;46.1;42.2;40.9;40.7;32.8;34.3;32.0;31.7;32.4;33.7;43.9;33.9;30.4;35.1;27.2;25.6;24.0;21.1;15.8;12.4;8.4;5.9;4.1;3.9;6.0;8.5;9.3;00° 00' 00.00 N;00° 00' 00.00 E;0;0
00:03:00;41.4;;49.6;;32.9;28.0;34.1;43.5;49.1;45.8;32.8;52.4;51.9;46.8;44.8;41.3;42.2;31.3;33.8;32.0;30.8;32.3;34.1;37.2;34.5;29.7;36.8;27.7;26.5;24.8;20.8;16.0;12.6;8.4;5.9;4.4;4.4;6.1;8.5;9.4;00° 00' 00.00 N;00° 00' 00.00 E;0;0
00:03:01;41.7;;49.6;;31.7;36.8;37.0;41.6;46.6;48.7;35.2;52.7;53.4;47.2;41.3;40.3;40.4;31.2;35.4;31.5;30.6;31.7;34.3;40.7;34.4;30.0;34.3;28.2;26.8;24.7;21.2;15.9;12.4;8.9;6.0;4.7;4.6;7.3;8.7;9.5;00° 00' 00.00 N;00° 00' 00.00 E;0;0
00:03:02;42.2;;49.6;;28.6;35.9;37.3;41.4;41.9;40.7;34.4;53.8;54.3;45.8;43.3;40.4;44.2;33.7;32.0;31.5;34.4;34.1;32.9;40.7;36.1;31.3;34.5;28.3;26.7;25.1;20.9;16.5;13.0;8.7;6.1;4.6;4.5;6.4;9.2;9.4;00° 00' 00.00 N;00° 00' 00.00 E;0;0
00:03:03;42.4;;49.6;;31.6;33.9;37.3;41.4;45.5;43.6;35.5;50.9;50.4;45.9;42.8;39.5;42.2;34.9;32.1;31.7;31.4;32.0;32.8;43.1;34.7;30.1;31.4;27.6;25.6;24.0;20.6;15.7;12.4;8.6;6.3;4.9;4.8;6.4;8.5;9.3;00° 00' 00.00 N;00° 00' 00.00 E;0;0
00:03:04;41.8;;49.6;;33.5;31.5;40.0;39.4;46.5;44.6;37.0;51.2;49.9;45.9;43.9;39.5;44.1;33.7;32.9;31.4;30.4;31.8;32.9;42.1;34.6;30.6;30.9;27.6;26.1;24.0;20.5;16.2;12.3;8.8;6.4;5.4;5.5;6.4;8.6;9.4;00° 00' 00.00 N;00° 00' 00.00 E;0;0
00:03:05;41.8;;49.6;;32.3;34.3;35.2;41.2;46.2;42.9;36.3;51.9;50.2;46.3;44.4;40.4;45.0;33.4;33.6;30.4;30.9;31.6;33.5;41.5;34.9;29.8;33.1;27.8;27.0;23.9;20.6;16.0;12.8;8.8;6.6;5.0;5.1;6.3;8.7;9.4;00° 00' 00.00 N;00° 00' 00.00 E;0;0
00:03:06;41.2;;49.6;;31.8;28.7;34.3;42.2;44.5;42.4;34.0;51.8;51.1;43.9;42.9;39.8;44.1;33.4;33.2;32.4;30.1;30.4;33.9;38.6;35.2;29.6;35.4;26.9;25.3;23.1;20.0;15.4;12.0;8.5;6.2;5.2;4.5;6.2;8.4;9.4;00° 00' 00.00 N;00° 00' 00.00 E;0;0
00:03:07;42.0;;49.6;;32.4;31.1;35.6;44.3;44.2;42.7;34.2;51.6;50.5;48.1;42.5;40.2;43.7;33.2;33.4;32.0;30.5;31.5;34.5;40.1;36.1;29.7;35.8;26.9;26.4;23.4;20.1;15.8;12.6;9.0;6.7;5.4;5.2;7.0;8.6;9.4;00° 00' 00.00 N;00° 00' 00.00 E;0;0
00:03:08;42.1;;49.6;;35.7;28.7;41.9;40.9;45.3;41.5;35.4;51.5;50.2;47.3;44.1;39.0;44.1;34.4;33.6;31.9;30.7;31.3;34.1;41.4;36.3;30.6;32.5;27.4;26.5;23.5;20.6;17.0;14.1;10.0;7.3;5.7;4.8;6.1;8.5;9.5;00° 00' 00.00 N;00° 00' 00.00 E;0;0
00:03:09;43.2;;49.6;;31.5;29.0;35.4;43.1;46.2;45.1;34.0;51.2;51.1;46.4;43.2;41.6;43.7;33.6;33.8;32.2;32.9;32.7;34.5;43.6;37.0;31.1;33.1;27.4;26.7;24.2;21.2;17.7;14.7;9.9;8.0;5.9;4.7;6.2;8.7;9.4;00° 00' 00.00 N;00° 00' 00.00 E;0;0
00:03:10;42.3;;49.6;;27.3;31.2;37.7;40.0;46.3;43.3;35.3;51.7;50.7;46.9;44.5;41.3;44.1;32.9;34.8;34.0;32.2;32.5;33.8;42.1;35.8;30.9;31.7;27.8;26.9;24.5;21.3;17.3;14.0;9.6;6.6;5.0;4.0;6.1;8.5;9.3;00° 00' 00.00 N;00° 00' 00.00 E;0;0
00:03:11;42.5;;49.6;;26.5;35.9;37.5;42.9;42.8;40.0;38.3;51.1;50.5;45.6;44.3;40.6;42.6;32.4;33.0;33.9;34.2;32.5;33.9;41.6;36.2;31.3;34.5;28.0;27.5;24.8;21.4;17.1;13.9;9.4;6.9;5.0;4.1;6.0;8.5;9.4;00° 00' 00.00 N;00° 00' 00.00 E;0;0
00:03:12;42.5;;49.6;;38.7;39.2;37.9;45.3;47.1;45.7;34.1;51.8;51.3;47.8;42.8;40.2;41.4;33.3;36.0;33.4;32.2;31.2;33.3;42.5;35.9;31.0;32.3;27.4;27.3;24.8;21.5;17.1;13.4;9.1;7.8;5.4;4.1;6.1;8.4;9.4;00° 00' 00.00 N;00° 00' 00.00 E;0;0
00:03:13;41.8;;49.6;;36.0;38.1;36.2;42.9;45.3;42.6;37.7;51.3;50.4;46.6;41.2;40.5;40.8;31.5;34.3;33.5;32.2;31.5;34.3;41.3;34.7;30.3;32.7;28.3;27.8;25.2;21.1;17.0;13.3;8.8;7.0;4.8;4.0;6.1;8.5;9.5;00° 00' 00.00 N;00° 00' 00.00 E;0;0
00:03:14;41.0;;49.6;;39.1;36.7;35.2;44.6;46.9;44.6;37.5;51.2;50.0;48.4;42.5;39.7;42.6;32.5;33.8;34.1;32.5;31.7;33.3;39.4;33.8;30.5;32.0;28.2;27.9;24.9;21.5;16.9;13.5;8.9;7.1;4.9;3.9;5.9;8.3;9.4;45° 10' 43.37 N;04° 48' 58.37 E;5;1
00:03:15;41.6;;49.6;;34.7;33.6;39.8;39.2;45.6;44.8;36.1;51.7;50.3;47.8;44.1;40.2;43.7;33.8;32.9;33.5;31.8;32.3;33.7;40.0;35.5;30.1;33.5;28.1;27.6;25.1;21.6;17.4;14.1;9.1;7.2;5.2;3.8;6.2;9.7;9.8;45° 10' 43.37 N;04° 48' 58.37 E;5;1
00:03:16;41.8;;49.6;;29.5;36.4;38.5;44.2;46.4;44.7;36.7;51.1;50.7;47.0;43.0;39.4;39.8;31.8;32.5;32.9;31.7;31.9;33.8;41.4;35.1;30.4;32.0;28.1;26.9;24.8;21.4;16.9;13.1;9.0;6.4;4.4;3.8;6.1;8.4;9.4;45° 10' 43.37 N;04° 48' 58.37 E;5;1
00:03:17;41.0;;49.6;;37.0;31.3;39.6;43.0;43.7;41.3;36.3;51.4;50.1;47.0;42.7;40.0;42.4;32.8;33.6;32.7;30.2;32.0;33.1;39.1;34.7;30.1;33.3;27.7;26.5;24.3;21.5;17.3;15.2;9.6;7.1;5.5;4.0;6.1;8.5;9.5;45° 10' 43.37 N;04° 48' 58.37 E;5;1
00:03:18;41.7;;49.6;;34.2;38.9;36.4;43.4;48.1;45.3;35.9;50.6;51.0;47.5;41.5;40.2;38.6;34.1;33.6;32.3;31.9;32.1;34.2;40.4;34.6;30.5;34.6;27.5;25.9;24.0;20.8;16.7;13.6;9.0;6.2;4.1;3.4;6.1;8.4;9.3;45° 10' 43.37 N;04° 48' 58.37 E;5;1
00:03:19;41.6;;49.6;;33.9;34.9;41.4;32.4;45.2;37.8;27.1;50.6;49.0;46.0;40.4;39.5;36.3;32.1;31.8;31.9;28.1;30.2;33.8;39.5;34.2;29.7;36.5;27.0;26.4;23.5;20.6;17.2;16.7;9.0;7.1;4.4;4.0;6.1;8.2;9.2;45° 10' 43.37 N;04° 48' 58.37 E;5;1
00:03:20;42.2;;49.6;;30.0;36.8;38.4;45.7;47.3;44.9;37.9;51.3;51.1;47.6;44.1;39.9;43.5;34.4;33.9;30.8;31.5;32.2;33.3;41.4;34.9;30.6;35.2;28.0;26.2;24.0;21.0;16.2;13.7;8.9;6.5;4.4;3.7;6.0;8.5;9.4;45° 10' 43.37 N;04° 48' 58.37 E;5;1
00:03:21;42.5;;49.6;;31.1;36.2;38.3;45.9;46.0;43.6;37.9;51.0;50.6;47.6;41.4;40.2;40.9;32.9;34.0;30.7;32.0;31.8;34.3;42.1;35.1;30.2;34.9;28.6;26.8;24.1;20.7;16.3;14.8;9.0;6.8;4.8;3.5;5.9;8.5;9.3;45° 10' 43.37 N;04° 48' 58.37 E;5;1
00:03:22;42.2;;49.6;;31.2;35.3;43.1;42.9;45.8;41.4;34.6;51.8;50.6;46.1;43.9;40.4;42.7;33.2;34.6;32.8;31.9;33.2;33.9;40.1;35.2;31.7;35.2;30.1;28.1;25.7;22.0;16.9;15.3;9.5;7.1;4.0;3.6;5.8;8.5;9.5;45° 10' 43.37 N;04° 48' 58.37 E;5;1
00:03:23;42.1;;49.6;;38.3;36.1;37.2;42.7;46.4;42.9;37.5;50.4;49.9;46.8;43.0;40.1;39.7;32.0;34.5;32.0;31.9;32.9;34.3;37.7;35.4;32.9;35.5;31.4;29.1;27.6;22.5;18.0;17.8;10.0;7.7;4.9;3.8;7.7;9.3;9.6;45° 10' 43.37 N;04° 48' 58.37 E;5;1
00:03:24;42.1;;49.6;;42.0;40.5;42.5;38.1;45.3;44.5;37.9;51.9;51.4;48.3;44.0;40.3;43.3;34.2;33.0;31.9;33.1;33.0;34.7;39.4;35.2;32.7;33.5;31.7;29.1;26.4;21.7;17.3;18.2;9.9;8.2;4.7;4.1;6.2;8.4;9.3;45° 10' 43.49 N;04° 48' 58.33 E;5;1
00:03:25;43.3;;49.6;;36.5;39.4;41.6;42.4;43.7;44.6;34.5;51.0;50.2;48.5;44.2;39.7;43.3;34.3;34.7;35.1;33.6;35.0;34.3;41.3;36.1;32.6;35.3;32.6;30.0;26.7;22.5;17.4;15.4;10.2;8.7;6.2;4.8;6.3;8.3;9.4;45° 10' 43.49 N;04° 48' 58.33 E;5;1
00:03:26;44.7;;49.6;;31.7;31.2;37.1;42.7;47.3;45.2;33.0;51.6;50.7;46.2;43.4;41.0;42.9;36.9;37.4;35.6;35.5;39.3;36.2;40.1;37.1;35.4;38.1;35.4;31.9;28.2;23.4;19.2;16.5;10.9;9.1;6.2;4.3;6.1;8.4;9.4;45° 10' 43.49 N;04° 48' 58.33 E;5;1
00:03:27;46.3;;49.6;;38.0;35.8;40.4;45.6;49.5;48.3;37.1;51.4;49.5;47.7;43.4;42.8;43.2;38.2;39.6;36.8;36.9;41.4;38.5;40.2;37.5;37.2;40.4;38.1;33.2;29.1;24.7;19.6;17.1;11.7;9.3;7.3;5.5;6.2;8.5;9.3;45° 10' 43.49 N;04° 48' 58.33 E;5;1
00:03:28;46.4;;49.6;;36.6;37.5;42.7;43.1;46.9;49.2;38.9;50.5;49.6;46.6;42.9;41.8;41.4;36.8;38.1;35.6;37.1;40.3;37.3;40.7;38.2;37.9;40.5;37.8;33.5;29.2;24.8;20.5;17.9;11.8;9.2;6.1;5.0;6.2;8.9;9.5;45° 10' 43.49 N;04° 48' 58.33 E;5;1
00:03:29;45.4;;49.6;;27.7;37.3;39.7;49.9;48.0;48.6;41.5;51.4;51.1;46.6;44.4;40.5;43.9;38.1;39.2;37.3;38.5;40.0;34.7;39.0;37.3;36.6;39.8;36.2;32.4;28.6;23.7;19.6;16.0;11.3;9.2;6.5;4.5;6.0;8.3;9.2;45° 10' 43.49 N;04° 48' 58.33 E;5;1
00:03:30;45.8;;49.6;;29.8;31.2;31.7;45.3;45.4;45.6;37.7;52.4;51.4;45.6;45.5;42.0;43.7;37.7;37.4;35.5;40.2;40.5;35.3;40.5;37.6;36.9;39.8;36.5;32.5;29.7;23.9;19.6;16.5;11.1;8.5;6.2;5.6;6.4;8.4;9.5;45° 10' 43.49 N;04° 48' 58.33 E;5;1
00:03:31;47.4;;49.6;;30.3;29.7;40.0;44.4;45.4;44.8;38.0;52.0;50.9;43.9;45.7;41.7;40.5;36.1;37.8;35.9;43.4;40.6;36.5;42.6;39.1;37.0;41.4;38.5;35.2;31.8;25.9;20.9;16.9;11.4;8.9;6.3;5.5;6.4;8.4;9.4;45° 10' 43.49 N;04° 48' 58.33 E;5;1
00:03:32;49.1;;49.6;;37.9;38.0;37.5;44.1;47.2;44.9;42.0;50.6;50.3;45.7;45.0;41.5;42.7;38.1;38.6;35.0;41.4;37.9;38.6;42.3;39.7;40.8;43.9;41.0;37.2;33.8;27.0;21.7;16.0;11.3;8.2;5.8;5.0;6.4;8.5;9.4;45° 10' 43.49 N;04° 48' 58.33 E;5;1
00:03:33;49.3;;49.6;;34.9;39.8;33.5;41.6;44.4;44.9;38.8;51.8;51.4;44.2;45.1;41.8;44.4;37.4;37.9;34.0;41.3;38.8;38.5;42.0;40.6;40.5;43.7;42.5;37.5;32.5;26.6;21.9;17.9;11.8;9.5;6.5;5.1;6.4;8.5;9.2;45° 10' 43.49 N;04° 48' 58.33 E;5;1

Duration;00:02:30
Value;Globals;Max;Min
LAeq;42.6;49.9;40.3
LAE;64.3
Leq 1/3
6.3 Hz;34.3;47.6;14.2
8 Hz;35.1;43.3;17.3
10 Hz;37.5;45.1;26.0
12.5 Hz;42.4;50.8;30.3
16 Hz;47.2;50.4;39.4
20 Hz;44.3;50.6;35.4
25 Hz;39.7;53.3;27.1
31.5 Hz;52.8;57.6;49.6
40 Hz;51.5;55.2;45.9
50 Hz;46.0;50.4;36.8
63 Hz;43.4;47.5;38.0
80 Hz;40.5;45.2;36.8
100 Hz;42.6;47.1;35.9
125 Hz;33.6;40.0;29.8
160 Hz;34.9;41.3;30.4
200 Hz;32.5;37.5;28.8
250 Hz;32.8;44.5;28.1
315 Hz;33.3;42.3;30.1
400 Hz;33.7;39.5;30.9
500 Hz;41.2;46.0;36.1
630 Hz;34.7;41.1;32.3
800 Hz;31.7;41.7;28.7
1 kHz;35.7;44.8;30.1
1.25 kHz;30.1;43.3;25.8
1.6 kHz;27.9;38.1;24.7
2 kHz;25.0;35.0;22.7
2.5 kHz;21.2;28.0;19.4
3.15 kHz;17.2;22.7;15.0
4 kHz;15.1;20.6;11.5
5 kHz;10.9;18.5;7.6
6.3 kHz;9.6;18.3;5.2
8 kHz;8.2;17.7;3.4
10 kHz;7.9;18.2;2.9
12.5 kHz;7.4;15.0;5.7
16 kHz;8.9;14.3;8.2
20 kHz;9.4;11.1;9.1
